<?xml version="1.0" encoding="UTF-8"?>
<!DOCTYPE mapper
        PUBLIC "-//mybatis.org//DTD Mapper 3.0//EN"
        "http://mybatis.org/dtd/mybatis-3-mapper.dtd">
<mapper namespace="com.example.demo.dao.InteractionMapper">

    <resultMap id="BaseResultMap" type="com.example.demo.pojo.InteractionDO">
        <id column="id" property="id"/>
        <result column="name" property="name"/>
        <result column="source_controller_id" property="sourceControllerId"/>
        <result column="target_controller_id" property="targetControllerId"/>
        <result column="type_id" property="interactionEnum"/>
        <result column="is_safe" property="isSafe"/>
        <result column="unsafe_type" property="unSafeEnum"/>
        <result column="process_model_variable_id" property="processModelVariableId"/>
        <result column="context_model_variable_id" property="contextModelVariableId"/>
        <result column="hazard_id" property="hazardId"/>
        <result column="loss_id" property="lossId"/>
        <result column="parent_unsafe_interaction_id" property="parentUnsafeInteractionId"/>
        <result column="is_delete" property="isDelete"/>
        <result column="control_structure_id" property="controlStructureId"/>
        <result column="gmt_create" property="gmtCreate"/>
        <result column="gmt_modified" property="gmtModified"/>
    </resultMap>

    <sql id="Base_Column_List">
        id, name, source_controller_id, target_controller_id, type_id, is_safe, unsafe_type, process_model_variable_id, context_model_variable_id,
        hazard_id,loss_id, parent_unsafe_interaction_id,is_delete,control_structure_id,gmt_create,gmt_modified

    </sql>

    <select id="selectByID" parameterType="java.lang.Long" resultMap="BaseResultMap">
        select
        id, name, source_controller_id, target_controller_id, type_id, is_safe, unsafe_type, process_model_variable_id, context_model_variable_id,
        hazard_id,loss_id, parent_unsafe_interaction_id,is_delete,control_structure_id,gmt_create,gmt_modified
        from interaction
        where id = #{id,jdbcType=BIGINT} and is_delete = 0
    </select>

    <select id="selectByInteraction" parameterType="com.example.demo.pojo.InteractionDO" resultMap="BaseResultMap">
        select
        id, name, source_controller_id, target_controller_id, type_id, is_safe, unsafe_type, process_model_variable_id, context_model_variable_id,
        hazard_id,loss_id, parent_unsafe_interaction_id,is_delete,control_structure_id,gmt_create,gmt_modified
        from interaction
        <where>
            <if test="id != null">
                and id = #{id,jdbcType=BIGINT}
            </if>
            <if test="name != null">
                and name = #{name,jdbcType=VARCHAR}
            </if>
            <if test="sourceControllerId != null">
                and source_controller_id = #{sourceControllerId,jdbcType=BIGINT}
            </if>
            <if test="targetControllerId != null">
                and target_controller_id = #{targetControllerId,jdbcType=BIGINT}
            </if>
            <if test="interactionEnum != null">
                and type_id = #{interactionEnum.value,jdbcType=SMALLINT}
            </if>
            <if test="isSafe != null">
                and is_safe = #{isSafe,jdbcType=BIT}
            </if>
            <if test="unSafeEnum != null">
                and unsafe_type = #{unSafeEnum.value,jdbcType=SMALLINT}
            </if>
            <if test="processModelVariableId != null">
                and process_model_variable_id = #{processModelVariableId,jdbcType=BIGINT}
            </if>
            <if test="contextModelVariableId != null">
                and context_model_variable_id = #{contextModelVariableId,jdbcType=BIGINT}
            </if>
            <if test="hazardId != null">
                and hazard_id = #{hazardId,jdbcType=BIGINT}
            </if>
            <if test="lossId != null">
                and loss_id = #{lossId,jdbcType=BIGINT}
            </if>
            <if test="parentUnsafeInteractionId != null">
                and parent_unsafe_interaction_id = #{parentUnsafeInteractionId,jdbcType=BIGINT}
            </if>
            <if test="controlStructureId != null">
                and control_structure_id = #{controlStructureId,jdbcType=BIGINT}
            </if>
            <if test="gmtCreate != null">
                and gmt_create = #{gmtCreate,jdbcType=DATETIME}
            </if>
            <if test="gmtModified != null">
                and gmt_modified = #{gmtModified,jdbcType=DATETIME}
            </if>
            and is_delete = 0
        </where>
    </select>

    <insert id="insert" parameterType="com.example.demo.pojo.InteractionDO" useGeneratedKeys="true"
            keyProperty="id">
        insert into interaction
        <trim prefix="(" suffix=")" suffixOverrides=",">
            <if test="name != null">
                name,
            </if>
            <if test="sourceControllerId != null">
                source_controller_id,
            </if>
            <if test="targetControllerId != null">
                target_controller_id,
            </if>
            <if test="interactionEnum != null">
                type_id,
            </if>
            <if test="isSafe != null">
                is_safe,
            </if>
            <if test="unSafeEnum != null">
                unsafe_type,
            </if>
            <if test="processModelVariableId != null">
                process_model_variable_id,
            </if>
            <if test="contextModelVariableId != null">
                context_model_variable_id,
            </if>
            <if test="hazardId != null">
                hazard_id,
            </if>
            <if test="lossId != null">
                loss_id,
            </if>
            <if test="parentUnsafeInteractionId != null">
                parent_unsafe_interaction_id,
            </if>
            <if test="controlStructureId != null">
                control_structure_id,
            </if>
        </trim>
        <trim prefix="values (" suffix=")" suffixOverrides=",">
            <if test="name != null">
                #{name,jdbcType=VARCHAR},
            </if>
            <if test="sourceControllerId != null">
                #{sourceControllerId,jdbcType=BIGINT},
            </if>
            <if test="targetControllerId != null">
                #{targetControllerId,jdbcType=BIGINT},
            </if>
            <if test="interactionEnum != null">
                #{interactionEnum,jdbcType=SMALLINT},
            </if>
            <if test="isSafe != null">
                #{isSafe,jdbcType=BIT},
            </if>
            <if test="unSafeEnum != null">
                #{unSafeEnum,jdbcType=SMALLINT},
            </if>
            <if test="processModelVariableId != null">
                #{processModelVariableId,jdbcType=BIGINT},
            </if>
            <if test="contextModelVariableId != null">
                #{contextModelVariableId,jdbcType=BIGINT},
            </if>
            <if test="hazardId != null">
                #{hazardId,jdbcType=BIGINT},
            </if>
            <if test="lossId != null">
                #{lossId,jdbcType=BIGINT},
            </if>
            <if test="parentUnsafeInteractionId != null">
                #{parentUnsafeInteractionId,jdbcType=BIGINT},
            </if>
            <if test="controlStructureId != null">
                #{controlStructureId,jdbcType=BIGINT},
            </if>
        </trim>
    </insert>

    <update id="deleteByID" parameterType="java.lang.Long">
        update interaction set
        is_delete = 1
        where id = #{id,jdbcType=BIGINT} and is_delete = 0
    </update>

    <update id="updateById" parameterType="com.example.demo.pojo.InteractionDO">
        update interaction
        <set>
            <if test="name != null">
                name = #{name,jdbcType=VARCHAR},
            </if>
            <if test="sourceControllerId != null">
                source_controller_id = #{sourceControllerId,jdbcType=BIGINT},
            </if>
            <if test="targetControllerId != null">
                target_controller_id = #{targetControllerId,jdbcType=BIGINT},
            </if>
            <if test="interactionEnum != null">
                type_id = #{interactionEnum.value,jdbcType=SMALLINT},
            </if>
            <if test="isSafe != null">
                is_safe = #{isSafe,jdbcType=BIT},
            </if>
            <if test="unSafeEnum != null">
                unsafe_type = #{unSafeEnum.value,jdbcType=SMALLINT},
            </if>
            <if test="processModelVariableId != null">
                process_model_variable_id = #{processModelVariableId,jdbcType=BIGINT},
            </if>
            <if test="contextModelVariableId != null">
                context_model_variable_id = #{contextModelVariableId,jdbcType=BIGINT},
            </if>
            <if test="hazardId != null">
                hazard_id = #{hazardId,jdbcType=BIGINT},
            </if>
            <if test="lossId != null">
                loss_id = #{lossId,jdbcType=BIGINT},
            </if>
            <if test="parentUnsafeInteractionId != null">
                parent_unsafe_interaction_id = #{parentUnsafeInteractionId,jdbcType=BIGINT},
            </if>
            <if test="controlStructureId != null">
                control_structure_id = #{controlStructureId,jdbcType=BIGINT},
            </if>
        </set>
        where id = #{id,jdbcType=BIGINT} and is_delete = 0
    </update>
</mapper>