<?xml version='1.0' encoding='UTF-8' ?>
<!DOCTYPE configuration
        PUBLIC '-//mybatis.org//DTD Config 3.0//EN'
        'http://mybatis.org/dtd/mybatis-3-config.dtd'>
<configuration>
    <!--database properties-->
    <properties resource="db.properties"/>
    <!--handle the enum java type and convert them into the database-->
    <typeHandlers>
        <typeHandler handler="com.example.demo.common.InteractionEnumTypeHandler"/>
        <typeHandler handler="com.example.demo.common.UnsafeEnumTypeHandler"/>
    </typeHandlers>
    <!--configure the environment of database-->
    <environments default='development'>
        <environment id='development'>
            <transactionManager type='JDBC'/>
            <dataSource type='POOLED'>
                <property name='driver' value='${jdbc.driver}'/>
                <property name='url' value='${jdbc.url}'/>
                <property name='username' value='${jdbc.username}'/>
                <property name='password' value='${jdbc.password}'/>
            </dataSource>
        </environment>
    </environments>
    <!--mappers of the database-->
    <mappers>
        <mapper resource='mapper/InteractionMapper.xml'/>
    </mappers>
</configuration>